id,active,score,name,email,verified,registered_ms,last_seen_ms
1,TRUE,75,Nicholas Martinez,nicholasmartinez@outlook.com,TRUE,1520270727114,1672513799278
2,TRUE,100,Rebecca Clark,rebecca.clark@gmail.com,TRUE,1514608555166,1583980507014
3,FALSE,81,Carol Roberts,carolroberts@yahoo.com,FALSE,1696625977525,1737246581083
4,TRUE,78,Scott Baker,scottbaker@gmail.com,TRUE,1500343037145,1757159963976
5,FALSE,37,Justin Harris,jharris@outlook.com,FALSE,1597805818010,1734267979189
6,TRUE,94,Brian Parker,brian811@outlook.com,TRUE,1688713361001,1753487838973
7,TRUE,84,Richard Rivera,richardrivera@aol.com,TRUE,1732834598347,1744531572638
8,FALSE,76,Rebecca Hall,rhall@proton.me,FALSE,1574700018489,1682373846757
9,TRUE,100,Jacob Phillips,jacobphillips@outlook.com,TRUE,1509104250146,1588995323094
10,TRUE,40,Robert Rivera,robertrivera@example.com,FALSE,1482272971166,1768701195308
11,FALSE,68,Anna Martinez,annamartinez@aol.com,FALSE,1588759849868,1697614422541
12,FALSE,87,Michelle King,michelle791@outlook.com,TRUE,1721749103373,1753468258305
13,TRUE,73,Virginia Martin,vmartin@proton.me,FALSE,1696794731435,1732263910241
14,FALSE,70,Timothy Jones,timothy.jones@outlook.com,TRUE,1494810410521,1611428108161
15,TRUE,81,Sharon Johnson,sharon972@gmail.com,TRUE,1624032881361,1768977366098
16,TRUE,29,Nicholas Turner,nicholas387@proton.me,FALSE,1574919972677,1689089073586
17,FALSE,22,Kevin Adams,kevinadams@yahoo.com,TRUE,1688315213304,1719564365943
18,TRUE,87,John Lopez,john.lopez@icloud.com,FALSE,1657190753190,1701344560984
19,FALSE,82,Jason Martin,jason404@icloud.com,FALSE,1495970603762,1587426407761
20,FALSE,72,Michelle Turner,michelle89@example.com,TRUE,1510050343741,1746970967747
21,TRUE,83,Timothy Rivera,trivera@outlook.com,TRUE,1640009073382,1766373261209
22,FALSE,82,William Wright,william.wright@proton.me,TRUE,1487590158986,1671248155116
23,FALSE,78,Benjamin Smith,benjaminsmith@icloud.com,FALSE,1449354733880,1560854660794
24,TRUE,98,Stephanie Stewart,stephanie.stewart@outlook.com,TRUE,1569064175232,1743863784389
25,TRUE,44,Carol Garcia,carolgarcia@gmail.com,TRUE,1616234077292,1709357518611
26,FALSE,43,Sarah Allen,sarahallen@aol.com,TRUE,1493286207321,1631610579906
27,TRUE,40,Andrew Martin,amartin@yahoo.com,FALSE,1451688034332,1592696939222
28,FALSE,95,Sarah Green,sgreen@yahoo.com,TRUE,1614034541451,1727659332451
29,FALSE,10,Rebecca Hall,rebecca622@yahoo.com,FALSE,1684436217184,1733487739975
30,TRUE,63,Mark Harris,mark.harris@outlook.com,TRUE,1654728195300,1740353111005
31,FALSE,68,Thomas Clark,thomas553@aol.com,TRUE,1486139650883,1638872308920
32,FALSE,50,Justin Allen,jallen@yahoo.com,FALSE,1600350855344,1666518215216
33,FALSE,25,Angela Martin,angela.martin@icloud.com,TRUE,1700201285578,1734563208675
34,TRUE,51,Scott Lewis,scottlewis@icloud.com,FALSE,1657955599686,1711594006994
35,FALSE,92,Scott Robinson,scottrobinson@aol.com,TRUE,1488449646024,1675616620595
36,FALSE,69,Carol Lewis,carol371@example.com,FALSE,1481297257418,1493176990620
37,FALSE,87,Samuel Cruz,samuel.cruz@aol.com,FALSE,1438582711203,1755892400019
38,TRUE,14,Dorothy White,dorothy421@proton.me,TRUE,1444515452245,1649533458747
39,FALSE,90,Joseph Adams,josephadams@example.com,TRUE,1528726523302,1706853820145
40,TRUE,83,Emily Stewart,estewart@gmail.com,FALSE,1515291530358,1534156367026
41,FALSE,55,Kevin Mitchell,kevinmitchell@aol.com,FALSE,1557094595921,1727141960719
42,FALSE,83,Pamela Green,pamela376@gmail.com,TRUE,1566189290640,1734135262325
43,FALSE,99,Stephen Mitchell,stephen.mitchell@icloud.com,TRUE,1651326961812,1690703759904
44,TRUE,59,David Hernandez,david.hernandez@aol.com,TRUE,1597586453153,1648188086708
45,FALSE,49,Donna Rivera,donnarivera@example.com,TRUE,1495127367290,1690701754473
46,TRUE,64,Jennifer Nelson,jennifernelson@proton.me,FALSE,1600900939945,1732888257353
47,TRUE,66,Michael Evans,michaelevans@proton.me,TRUE,1485891723011,1668239573410
48,TRUE,88,Thomas Davis,thomas670@yahoo.com,FALSE,1511869012303,1692380532867
49,TRUE,13,Jason Morales,jmorales@gmail.com,TRUE,1517965762023,1630652530261
50,TRUE,86,Daniel Sanchez,dsanchez@example.com,TRUE,1695927966259,1705932513865
51,FALSE,86,Cynthia Mitchell,cynthia184@outlook.com,FALSE,1715145093902,1774856454496
52,TRUE,61,Andrew Martin,andrewmartin@example.com,FALSE,1707152136725,1752892393268
53,TRUE,39,Larry Thomas,larry.thomas@aol.com,TRUE,1603866493836,1751435731311
54,TRUE,39,Robert Rivera,robert447@yahoo.com,FALSE,1449651251272,1580143909711
55,FALSE,88,Joshua Young,joshua.young@proton.me,TRUE,1690095978947,1693246654259
56,TRUE,24,Jessica Jones,jessica320@proton.me,FALSE,1632310681554,1649157511401
57,FALSE,69,Scott Gonzalez,scott.gonzalez@gmail.com,FALSE,1590848965943,1731673465267
58,TRUE,51,Anna Diaz,annadiaz@gmail.com,FALSE,1714899887271,1718060937019
59,TRUE,81,Kathleen King,kking@outlook.com,TRUE,1440050345847,1619421133943
60,FALSE,85,Ryan Taylor,ryantaylor@example.com,TRUE,1587827306973,1634312492312
61,FALSE,78,Donna Hernandez,dhernandez@yahoo.com,FALSE,1566797088981,1649571321916
62,FALSE,40,Larry Taylor,ltaylor@yahoo.com,FALSE,1556090257467,1746513612038
63,FALSE,65,Helen Carter,helencarter@icloud.com,FALSE,1506063278543,1665524029887
64,FALSE,86,Mary Reyes,mary.reyes@aol.com,FALSE,1667984284389,1737014431045
65,FALSE,64,Lisa White,lisa793@icloud.com,FALSE,1615498967334,1709280169719
66,FALSE,93,Gary Ramirez,garyramirez@gmail.com,TRUE,1725152238392,1770010545170
67,TRUE,86,Ruth Reyes,rreyes@icloud.com,FALSE,1517436544041,1559491781924
68,TRUE,98,Brian Hill,bhill@yahoo.com,TRUE,1707422611420,1713859536852
69,FALSE,34,Ryan Anderson,ryan.anderson@gmail.com,TRUE,1447950805354,1753579889989
70,TRUE,49,Jason Mitchell,jasonmitchell@outlook.com,TRUE,1451322059190,1613556074382
71,TRUE,89,Jacob Hall,jacob.hall@yahoo.com,FALSE,1483755384704,1621195834332
72,FALSE,49,Deborah Gonzalez,deborahgonzalez@icloud.com,FALSE,1499199205467,1742970029220
73,FALSE,90,Ruth Martinez,ruthmartinez@gmail.com,FALSE,1621427349816,1660293531290
74,FALSE,50,Mark Jackson,mark.jackson@icloud.com,TRUE,1712412210357,1735105543059
75,FALSE,72,Eric Flores,ericflores@icloud.com,FALSE,1437459710889,1757105085439
76,FALSE,70,Ruth King,ruth713@aol.com,FALSE,1634271351636,1657524340539
77,TRUE,58,Anthony Young,anthony.young@proton.me,TRUE,1457343772876,1675600143840
78,TRUE,58,Deborah Rodriguez,deborahrodriguez@yahoo.com,TRUE,1642179157159,1775551798867
79,TRUE,86,Betty Johnson,betty.johnson@yahoo.com,TRUE,1540165419504,1636764611398
80,FALSE,8,Anna Scott,annascott@gmail.com,TRUE,1685989322173,1689123713151
81,TRUE,46,Betty Turner,betty778@outlook.com,FALSE,1691356187508,1707109641999
82,TRUE,85,Kimberly Johnson,kimberlyjohnson@aol.com,FALSE,1613568774528,1744513649596
83,FALSE,96,Ronald Lopez,ronaldlopez@yahoo.com,TRUE,1567105410568,1730341257735
84,FALSE,96,Dorothy Miller,dorothymiller@aol.com,TRUE,1579445867599,1701174721268
85,TRUE,84,Michelle Lee,michelle871@gmail.com,TRUE,1625964243043,1723935093351
86,TRUE,65,Sandra Reyes,sandra.reyes@aol.com,TRUE,1577881948470,1775622531167
87,TRUE,94,Edward Morris,edwardmorris@icloud.com,TRUE,1637992568409,1737922209501
88,FALSE,72,Rebecca Smith,rebeccasmith@yahoo.com,TRUE,1542597527425,1550321492695
89,TRUE,93,Ruth Rivera,ruth132@icloud.com,FALSE,1517999890857,1542632851810
90,TRUE,80,Laura Evans,lauraevans@proton.me,TRUE,1448990114576,1507949941808
91,FALSE,82,Elizabeth Miller,emiller@proton.me,FALSE,1520688500159,1683578122000
92,FALSE,31,Deborah Young,deborah.young@gmail.com,FALSE,1577430570108,1749934724942
93,TRUE,58,Ryan Hernandez,ryan.hernandez@aol.com,FALSE,1697683455786,1762758143757
94,FALSE,79,Susan Reyes,susan73@gmail.com,FALSE,1662180237948,1692902647648
95,FALSE,35,Karen Parker,karen610@outlook.com,TRUE,1545552409698,1694352664442
96,TRUE,14,Susan Wilson,susan513@icloud.com,FALSE,1707093167009,1774951172367
97,FALSE,92,Jennifer Adams,jenniferadams@aol.com,TRUE,1420130184334,1659228847018
98,TRUE,31,Andrew Phillips,andrew.phillips@icloud.com,TRUE,1461350464437,1761149793622
99,FALSE,48,Edward Martinez,edwardmartinez@aol.com,FALSE,1617120306651,1680330832271
100,TRUE,48,Brian King,brian.king@gmail.com,FALSE,1460884022522,1666316837943
